"Txhash","Blockno","UnixTimestamp","DateTime","ParentTxFrom","ParentTxTo","ParentTxETH_Value","From","TxTo","ContractAddress","Value_IN(MATIC)","Value_OUT(MATIC)","CurrentValue @ $1.635/MATIC","Historical $Price/MATIC","Status","ErrCode","Type"
"0xfc2e0a9b0f589d75ecb78f02f875f45180d046088ee22500ca7882cec96cdc4e","20837144","1635725498","2021-11-01 00:11:38","0x9e9081ea7015456521ed5ea4afde617bbf463e19","0xc2db3b633e61a6929b577df780bebb1efdc5a6b0","100","0xc2db3b633e61a6929b577df780bebb1efdc5a6b0","0x0c7af9fe80c616d22b24de11fc16469cbd8f4a08","","0","100","163.5","1.91","0","","call",""
"0xe85a2597f212a1c2d092796b8bb0aefa66b8f66f2f6decaf71f1a4d5c9fecb1d","20837233","1635725780","2021-11-01 00:16:20","0x9e9081ea7015456521ed5ea4afde617bbf463e19","0xc2db3b633e61a6929b577df780bebb1efdc5a6b0","50","0xc2db3b633e61a6929b577df780bebb1efdc5a6b0","0x0c7af9fe80c616d22b24de11fc16469cbd8f4a08","","0","50","81.75","1.91","0","","call",""
"0xa4973ca9099b0610847ec633a2147cc85b3c38abe420f17cb6ee5e94d85f9dcf","20908679","1635883740","2021-11-02 20:09:00","0x9e9081ea7015456521ed5ea4afde617bbf463e19","0xc2db3b633e61a6929b577df780bebb1efdc5a6b0","100","0xc2db3b633e61a6929b577df780bebb1efdc5a6b0","0x0c7af9fe80c616d22b24de11fc16469cbd8f4a08","","0","100","163.5","1.94","0","","call",""
"0xef043df42c107ff379425d850161c7b7703357e06a6fc729b22da5e6723f537e","20946296","1635971680","2021-11-03 20:34:40","0x8dadb75e709cbaa82216454a6b505078bc896487","0xc2db3b633e61a6929b577df780bebb1efdc5a6b0","50","0xc2db3b633e61a6929b577df780bebb1efdc5a6b0","0x0c7af9fe80c616d22b24de11fc16469cbd8f4a08","","0","50","81.75","2.04","0","","call",""
"0x58937381cd9c68ab084fa868e6780e44edfa1afd930c6fdc5c8dffe3c8331807","21023931","1636143120","2021-11-05 20:12:00","0xdac1c5bc0432292f3ead39c61505c44ec9cf3d22","0xc2db3b633e61a6929b577df780bebb1efdc5a6b0","50","0xc2db3b633e61a6929b577df780bebb1efdc5a6b0","0x0c7af9fe80c616d22b24de11fc16469cbd8f4a08","","0","50","81.75","1.90","0","","call",""
"0x436d9239a0cbcb69af38548e2730fd1179649bb6a254d66b9ac85ff179285a1b","21029423","1636155106","2021-11-05 23:31:46","0xdac1c5bc0432292f3ead39c61505c44ec9cf3d22","0xc2db3b633e61a6929b577df780bebb1efdc5a6b0","50","0xc2db3b633e61a6929b577df780bebb1efdc5a6b0","0x0c7af9fe80c616d22b24de11fc16469cbd8f4a08","","0","50","81.75","1.90","0","","call",""
"0xb7396a70a5392ce178347691da22874217249933da44fdd0299aab84dbc7d520","21106976","1636324780","2021-11-07 22:39:40","0xdac1c5bc0432292f3ead39c61505c44ec9cf3d22","0xc2db3b633e61a6929b577df780bebb1efdc5a6b0","50","0xc2db3b633e61a6929b577df780bebb1efdc5a6b0","0x0c7af9fe80c616d22b24de11fc16469cbd8f4a08","","0","50","81.75","1.89","0","","call",""
"0xcc4d74eda856da9ae998dd6efa4a8fe57e73962f7e12e643dc0b2e632a11e0f7","21269906","1636691245","2021-11-12 04:27:25","0x0c7af9fe80c616d22b24de11fc16469cbd8f4a08","0xc2db3b633e61a6929b577df780bebb1efdc5a6b0","50","0xc2db3b633e61a6929b577df780bebb1efdc5a6b0","0x0c7af9fe80c616d22b24de11fc16469cbd8f4a08","","0","50","81.75","1.72","0","","call",""
"0x2cae21be33506aa151e294e78b9d434f698efcc2df2f6765a874598614042cfb","21285099","1636725770","2021-11-12 14:02:50","0xdac1c5bc0432292f3ead39c61505c44ec9cf3d22","0xc2db3b633e61a6929b577df780bebb1efdc5a6b0","50","0xc2db3b633e61a6929b577df780bebb1efdc5a6b0","0x0c7af9fe80c616d22b24de11fc16469cbd8f4a08","","0","50","81.75","1.72","0","","call",""
"0x57cc7b2f67b90651601b91aaf3b4c4cd52aa5b13a7874e6df079d537e27cfdb9","21285109","1636725790","2021-11-12 14:03:10","0xdac1c5bc0432292f3ead39c61505c44ec9cf3d22","0xc2db3b633e61a6929b577df780bebb1efdc5a6b0","50","0xc2db3b633e61a6929b577df780bebb1efdc5a6b0","0x0c7af9fe80c616d22b24de11fc16469cbd8f4a08","","0","50","81.75","1.72","0","","call",""
"0xd6033214f73155a7cc1f97cb18ed4290c96178e9902c5bcbda395b408b9a3550","21447085","1637086977","2021-11-16 18:22:57","0x2fe7cb6a9d4a34e24f0b2d9665c2b8996d66ff96","0xc2db3b633e61a6929b577df780bebb1efdc5a6b0","50","0xc2db3b633e61a6929b577df780bebb1efdc5a6b0","0x0c7af9fe80c616d22b24de11fc16469cbd8f4a08","","0","50","81.75","1.56","0","","call",""
"0x1fc7a2dd5cb0cd08e0290a9afdfac0a2fde81ee8ba48202800781f82ce4bfe2f","21820262","1637926586","2021-11-26 11:36:26","0xb43408c9496135307c8b1703d49ee61344fec514","0xc2db3b633e61a6929b577df780bebb1efdc5a6b0","100","0xc2db3b633e61a6929b577df780bebb1efdc5a6b0","0x0c7af9fe80c616d22b24de11fc16469cbd8f4a08","","0","100","163.5","","0","","call",""
"0x90a05277b736143329d8f07eb52e0c73d9284ba93cf42ea458b78fc4c5bd7b56","21820272","1637926606","2021-11-26 11:36:46","0xb43408c9496135307c8b1703d49ee61344fec514","0xc2db3b633e61a6929b577df780bebb1efdc5a6b0","50","0xc2db3b633e61a6929b577df780bebb1efdc5a6b0","0x0c7af9fe80c616d22b24de11fc16469cbd8f4a08","","0","50","81.75","","0","","call",""
"0xc07be9380b4c47717e283af438a73d2f44e2467d31f9c59e915a2f7972c2a12d","21821855","1637930075","2021-11-26 12:34:35","0xb43408c9496135307c8b1703d49ee61344fec514","0xc2db3b633e61a6929b577df780bebb1efdc5a6b0","150","0xc2db3b633e61a6929b577df780bebb1efdc5a6b0","0x0c7af9fe80c616d22b24de11fc16469cbd8f4a08","","0","150","245.25","","0","","call",""
"0x1468572e7bc0f52c2a8c1fd9e6d78ef7d3f14d44c2cb9d5baddbeafeeb8caf92","21822905","1637932366","2021-11-26 13:12:46","0xa3042eb8caeee4fad4a421ad506e1e2c82da6d84","0xc2db3b633e61a6929b577df780bebb1efdc5a6b0","50","0xc2db3b633e61a6929b577df780bebb1efdc5a6b0","0x0c7af9fe80c616d22b24de11fc16469cbd8f4a08","","0","50","81.75","","0","","call",""
"0x6afaece8b6786472a1a610aeecacea878f564a1851c823f11d5987d413cced53","21823997","1637934882","2021-11-26 13:54:42","0x0aa787ab2b3decb84607bca41874b9dc2f2c3358","0xc2db3b633e61a6929b577df780bebb1efdc5a6b0","50","0xc2db3b633e61a6929b577df780bebb1efdc5a6b0","0x0c7af9fe80c616d22b24de11fc16469cbd8f4a08","","0","50","81.75","","0","","call",""
"0xf5ed554d98e9b1e325a85fe6e379f69cd8f8b4d54e08482845c6080ec6f44760","21824018","1637934932","2021-11-26 13:55:32","0x0aa787ab2b3decb84607bca41874b9dc2f2c3358","0xc2db3b633e61a6929b577df780bebb1efdc5a6b0","50","0xc2db3b633e61a6929b577df780bebb1efdc5a6b0","0x0c7af9fe80c616d22b24de11fc16469cbd8f4a08","","0","50","81.75","","0","","call",""
"0xc04b98aebb21156b585a76a242651bc474df580cfc7f34165452d684ddbc5829","21831571","1637953022","2021-11-26 18:57:02","0x5e9f96cec38b684bee7634244a4679ca77df4fae","0xc2db3b633e61a6929b577df780bebb1efdc5a6b0","50","0xc2db3b633e61a6929b577df780bebb1efdc5a6b0","0x0c7af9fe80c616d22b24de11fc16469cbd8f4a08","","0","50","81.75","","0","","call",""
"0x746563fe65107814e49c5994305c5a706f34c47a9531223b38f34a74c31f0aa3","21831642","1637953344","2021-11-26 19:02:24","0x5e9f96cec38b684bee7634244a4679ca77df4fae","0xc2db3b633e61a6929b577df780bebb1efdc5a6b0","50","0xc2db3b633e61a6929b577df780bebb1efdc5a6b0","0x0c7af9fe80c616d22b24de11fc16469cbd8f4a08","","0","50","81.75","","0","","call",""
