"Txhash","Blockno","UnixTimestamp","DateTime","ParentTxFrom","ParentTxTo","ParentTxETH_Value","From","TxTo","ContractAddress","Value_IN(MATIC)","Value_OUT(MATIC)","CurrentValue @ $1.671/MATIC","Historical $Price/MATIC","Status","ErrCode","Type"
"0x9327bc29b7f5ee5dbf60fece6965a20585007e75f785ffdf66dc6943139fddbb","20078591","1633908006","2021-10-10 23:20:06","0x5e9f96cec38b684bee7634244a4679ca77df4fae","0xc2db3b633e61a6929b577df780bebb1efdc5a6b0","100","0xc2db3b633e61a6929b577df780bebb1efdc5a6b0","0x0c7af9fe80c616d22b24de11fc16469cbd8f4a08","","0","100","167.1","1.25","0","","call",""
"0xd963a0d73cb977664d3fc4156b3f42861a22793d38f0466a55dbad2d42871b2d","20078880","1633908604","2021-10-10 23:30:04","0x5e9f96cec38b684bee7634244a4679ca77df4fae","0xc2db3b633e61a6929b577df780bebb1efdc5a6b0","50","0xc2db3b633e61a6929b577df780bebb1efdc5a6b0","0x0c7af9fe80c616d22b24de11fc16469cbd8f4a08","","0","50","83.55","1.25","0","","call",""
"0xef58800563471f6fa3466fc0e7513b721997bf6a1eceafadb2f970cdb1f26523","20080512","1633912358","2021-10-11 00:32:38","0xcc50d925486bd1a9e82a36afb22efa17aba2ca41","0xc2db3b633e61a6929b577df780bebb1efdc5a6b0","50","0xc2db3b633e61a6929b577df780bebb1efdc5a6b0","0x0c7af9fe80c616d22b24de11fc16469cbd8f4a08","","0","50","83.55","1.24","0","","call",""
"0x1baeca7923388b47dc3388f3f691a467cb719023fd383e8897fb9e1e1f2c304e","20080512","1633912358","2021-10-11 00:32:38","0xcc50d925486bd1a9e82a36afb22efa17aba2ca41","0xc2db3b633e61a6929b577df780bebb1efdc5a6b0","50","0xc2db3b633e61a6929b577df780bebb1efdc5a6b0","0x0c7af9fe80c616d22b24de11fc16469cbd8f4a08","","0","50","83.55","1.24","0","","call",""
"0x597467d3adec670f72449e396338d23011418a3905790a6131097fdf817ce56d","20080638","1633912614","2021-10-11 00:36:54","0xcc50d925486bd1a9e82a36afb22efa17aba2ca41","0xc2db3b633e61a6929b577df780bebb1efdc5a6b0","50","0xc2db3b633e61a6929b577df780bebb1efdc5a6b0","0x0c7af9fe80c616d22b24de11fc16469cbd8f4a08","","0","50","83.55","1.24","0","","call",""
"0x928a1370dedf889b44e93c6f5157164d494b6071575041c3d4e13e39174bd104","20082800","1633917475","2021-10-11 01:57:55","0xe106d66c63d0f0cd7266d91f5f0b3100271d1550","0xc2db3b633e61a6929b577df780bebb1efdc5a6b0","50","0xc2db3b633e61a6929b577df780bebb1efdc5a6b0","0x0c7af9fe80c616d22b24de11fc16469cbd8f4a08","","0","50","83.55","1.24","0","","call",""
"0xeca381f66d151e1d9c5e6dedab53154873331c7f57f546161c182c0109b57ca7","20082898","1633917679","2021-10-11 02:01:19","0x0c7af9fe80c616d22b24de11fc16469cbd8f4a08","0xc2db3b633e61a6929b577df780bebb1efdc5a6b0","50","0xc2db3b633e61a6929b577df780bebb1efdc5a6b0","0x0c7af9fe80c616d22b24de11fc16469cbd8f4a08","","0","50","83.55","1.24","0","","call",""
"0x82431a41a03cf89fec20413de4252df2cce40a7464f61bae93afc04f774b96a8","20093466","1633942851","2021-10-11 09:00:51","0xfc11b4e316ae2c74dca90f9f6a03ac623a1538b4","0xc2db3b633e61a6929b577df780bebb1efdc5a6b0","50","0xc2db3b633e61a6929b577df780bebb1efdc5a6b0","0x0c7af9fe80c616d22b24de11fc16469cbd8f4a08","","0","50","83.55","1.24","0","","call",""
"0x028b0445794c0177180dd571b3d9fc052113c3cbba96637feae73e16fd50d120","20094117","1633944449","2021-10-11 09:27:29","0x1ccb936962a8d80024a49b16b7490fa875684117","0xc2db3b633e61a6929b577df780bebb1efdc5a6b0","50","0xc2db3b633e61a6929b577df780bebb1efdc5a6b0","0x0c7af9fe80c616d22b24de11fc16469cbd8f4a08","","0","50","83.55","1.24","0","","call",""
"0xe68c21562aeecec8da26b574b996a555280b51541b557e621fdbfd6fc1d78358","20097194","1633952329","2021-10-11 11:38:49","0xcc375aa9000234ae9e88a04bb3d140687c4aa9ed","0xc2db3b633e61a6929b577df780bebb1efdc5a6b0","50","0xc2db3b633e61a6929b577df780bebb1efdc5a6b0","0x0c7af9fe80c616d22b24de11fc16469cbd8f4a08","","0","50","83.55","1.24","0","","call",""
"0x8936d8165b54e9e1168773830f6711d1f733573dcf04e4f6358b4abbc707c1e2","20097320","1633952633","2021-10-11 11:43:53","0xcc375aa9000234ae9e88a04bb3d140687c4aa9ed","0xc2db3b633e61a6929b577df780bebb1efdc5a6b0","50","0xc2db3b633e61a6929b577df780bebb1efdc5a6b0","0x0c7af9fe80c616d22b24de11fc16469cbd8f4a08","","0","50","83.55","1.24","0","","call",""
"0xabeabd4083d122e1a962216d59c26d1bc4dd2012f089bcc52d31a7386ca816bd","20097882","1633954305","2021-10-11 12:11:45","0xcc375aa9000234ae9e88a04bb3d140687c4aa9ed","0xc2db3b633e61a6929b577df780bebb1efdc5a6b0","50","0xc2db3b633e61a6929b577df780bebb1efdc5a6b0","0x0c7af9fe80c616d22b24de11fc16469cbd8f4a08","","0","50","83.55","1.24","0","","call",""
"0x9e1e01dbc61e6f96500023dd1d139a44aec9e88d99f9ea62a4d4607b7532af9a","20098931","1633956978","2021-10-11 12:56:18","0x124822e679c75b223bdc08d48dc5d1682f7ef923","0xc2db3b633e61a6929b577df780bebb1efdc5a6b0","50","0xc2db3b633e61a6929b577df780bebb1efdc5a6b0","0x0c7af9fe80c616d22b24de11fc16469cbd8f4a08","","0","50","83.55","1.24","0","","call",""
"0x537782c3a76ebf47b8482eb0f2d053f0f122e3da021be9913f256d0aaca9de79","20098935","1633956994","2021-10-11 12:56:34","0x124822e679c75b223bdc08d48dc5d1682f7ef923","0xc2db3b633e61a6929b577df780bebb1efdc5a6b0","50","0xc2db3b633e61a6929b577df780bebb1efdc5a6b0","0x0c7af9fe80c616d22b24de11fc16469cbd8f4a08","","0","50","83.55","1.24","0","","call",""
"0x918ca5a01e4dfb26306ddf4ad8cd8786dcf2210a093170d16e7bf85310fc9364","20098949","1633957042","2021-10-11 12:57:22","0x124822e679c75b223bdc08d48dc5d1682f7ef923","0xc2db3b633e61a6929b577df780bebb1efdc5a6b0","50","0xc2db3b633e61a6929b577df780bebb1efdc5a6b0","0x0c7af9fe80c616d22b24de11fc16469cbd8f4a08","","0","50","83.55","1.24","0","","call",""
"0x75bea5cf93576df4ed10c249f4c23a11c10654c63291dd99507c45b7424b370a","20099003","1633957150","2021-10-11 12:59:10","0x0c7af9fe80c616d22b24de11fc16469cbd8f4a08","0xc2db3b633e61a6929b577df780bebb1efdc5a6b0","50","0xc2db3b633e61a6929b577df780bebb1efdc5a6b0","0x0c7af9fe80c616d22b24de11fc16469cbd8f4a08","","0","50","83.55","1.24","0","","call",""
"0x3cbb026df34e23b4cdee852ea9c85f077a7f25633678bdddda07ad72a37ecdca","20099020","1633957189","2021-10-11 12:59:49","0x0c7af9fe80c616d22b24de11fc16469cbd8f4a08","0xc2db3b633e61a6929b577df780bebb1efdc5a6b0","50","0xc2db3b633e61a6929b577df780bebb1efdc5a6b0","0x0c7af9fe80c616d22b24de11fc16469cbd8f4a08","","0","50","83.55","1.24","0","","call",""
"0x67300e8bc0eafeeffa8bdf0c4e8f414e00c164c7460157dd6b2b5ba79ee08a16","20099422","1633958019","2021-10-11 13:13:39","0x5e9f96cec38b684bee7634244a4679ca77df4fae","0xc2db3b633e61a6929b577df780bebb1efdc5a6b0","100","0xc2db3b633e61a6929b577df780bebb1efdc5a6b0","0x0c7af9fe80c616d22b24de11fc16469cbd8f4a08","","0","100","167.1","1.24","0","","call",""
"0x085892cece4eadff483663c8fc32e18bf0cd9a2eb1270296295e50d72499dc33","20138588","1634045249","2021-10-12 13:27:29","0x1ecc36f3c53607867fa93253d0d3378bb7c9eeb0","0xc2db3b633e61a6929b577df780bebb1efdc5a6b0","50","0xc2db3b633e61a6929b577df780bebb1efdc5a6b0","0x0c7af9fe80c616d22b24de11fc16469cbd8f4a08","","0","50","83.55","1.22","0","","call",""
"0x30f9ac92a02aa610c031e438f7dff91d3683faa078c29f1ce368a1b1d9d3ce36","20147264","1634065555","2021-10-12 19:05:55","0x0c7af9fe80c616d22b24de11fc16469cbd8f4a08","0xc2db3b633e61a6929b577df780bebb1efdc5a6b0","100","0xc2db3b633e61a6929b577df780bebb1efdc5a6b0","0x0c7af9fe80c616d22b24de11fc16469cbd8f4a08","","0","100","167.1","1.22","0","","call",""
"0xb0736e97796a8d6a786b55ccb9ceb655205a9faef7b537a23010830f2450eb38","20147329","1634065689","2021-10-12 19:08:09","0x0c7af9fe80c616d22b24de11fc16469cbd8f4a08","0xc2db3b633e61a6929b577df780bebb1efdc5a6b0","100","0xc2db3b633e61a6929b577df780bebb1efdc5a6b0","0x0c7af9fe80c616d22b24de11fc16469cbd8f4a08","","0","100","167.1","1.22","0","","call",""
"0x0cfdbee88471b8ba01daf967083435928a2df61a805988a3b510447c79d378e8","20182397","1634149890","2021-10-13 18:31:30","0x1ccb936962a8d80024a49b16b7490fa875684117","0xc2db3b633e61a6929b577df780bebb1efdc5a6b0","50","0xc2db3b633e61a6929b577df780bebb1efdc5a6b0","0x0c7af9fe80c616d22b24de11fc16469cbd8f4a08","","0","50","83.55","1.24","0","","call",""
"0xef37f44a07adfec7565ea61b41b71a8311de25d0dc07796043071205698e936d","20187824","1634162455","2021-10-13 22:00:55","0xcc55405ced0373b38c53d7a693993b2d9293c10d","0xc2db3b633e61a6929b577df780bebb1efdc5a6b0","50","0xc2db3b633e61a6929b577df780bebb1efdc5a6b0","0x0c7af9fe80c616d22b24de11fc16469cbd8f4a08","","0","50","83.55","1.24","0","","call",""
"0x3bc5f88fc70c33f8d2d16a046a0b66d7ec39d9c580c77f5f9dcdc5c3ba72654b","20187833","1634162473","2021-10-13 22:01:13","0xcc55405ced0373b38c53d7a693993b2d9293c10d","0xc2db3b633e61a6929b577df780bebb1efdc5a6b0","50","0xc2db3b633e61a6929b577df780bebb1efdc5a6b0","0x0c7af9fe80c616d22b24de11fc16469cbd8f4a08","","0","50","83.55","1.24","0","","call",""
"0x0298c9601dda313270f42a1f060f49ac2493e4cf6a736db98e4de0e760474634","20221805","1634245584","2021-10-14 21:06:24","0xd2d06c5b3f8aad0375a6e24619c1535f3ce1c364","0xc2db3b633e61a6929b577df780bebb1efdc5a6b0","50","0xc2db3b633e61a6929b577df780bebb1efdc5a6b0","0x0c7af9fe80c616d22b24de11fc16469cbd8f4a08","","0","50","83.55","1.27","0","","call",""
"0x35c03d01f73fd94eb7bcb1e5e5b202aa3a95611647f27f06a236cfd0b0ccc904","20229667","1634263636","2021-10-15 02:07:16","0xd2d06c5b3f8aad0375a6e24619c1535f3ce1c364","0xc2db3b633e61a6929b577df780bebb1efdc5a6b0","50","0xc2db3b633e61a6929b577df780bebb1efdc5a6b0","0x0c7af9fe80c616d22b24de11fc16469cbd8f4a08","","0","50","83.55","1.60","0","","call",""
"0x06883fbe68642ef68224579aa89429bf0a3cdca2e7e9977a81ee206b1626470f","20365275","1634610154","2021-10-19 02:22:34","0x6850b2c895dde101279ff51e4a3b4a8daae07bd4","0xc2db3b633e61a6929b577df780bebb1efdc5a6b0","100","0xc2db3b633e61a6929b577df780bebb1efdc5a6b0","0x0c7af9fe80c616d22b24de11fc16469cbd8f4a08","","0","100","167.1","1.48","0","","call",""
"0xc1146cdf572c140ed572d17fa912542d451c6ba541bdfeebb0996b92fa7eef2f","20365282","1634610182","2021-10-19 02:23:02","0x6850b2c895dde101279ff51e4a3b4a8daae07bd4","0xc2db3b633e61a6929b577df780bebb1efdc5a6b0","100","0xc2db3b633e61a6929b577df780bebb1efdc5a6b0","0x0c7af9fe80c616d22b24de11fc16469cbd8f4a08","","0","100","167.1","1.48","0","","call",""
"0x6ad0a00b15f106adbf696a9ca2e77fa997ce2354e79d6938a1c16e6faf3d31ff","20396171","1634687027","2021-10-19 23:43:47","0xe105d88caa53e08bfc14633412392600f5e116a5","0xc2db3b633e61a6929b577df780bebb1efdc5a6b0","100","0xc2db3b633e61a6929b577df780bebb1efdc5a6b0","0x0c7af9fe80c616d22b24de11fc16469cbd8f4a08","","0","100","167.1","1.48","0","","call",""
"0xa7ec9239ca96151909d5abdd434f268c7abbe97596d52a6b4508f70cb684389a","20500861","1634939460","2021-10-22 21:51:00","0xfad1f0c78cd6a6421dbb0fbb1e42886ca04009e4","0xc2db3b633e61a6929b577df780bebb1efdc5a6b0","50","0xc2db3b633e61a6929b577df780bebb1efdc5a6b0","0x0c7af9fe80c616d22b24de11fc16469cbd8f4a08","","0","50","83.55","1.52","0","","call",""
"0x5c2abff39fbe78aff87096ecb4de1e32e9c887ca0e2aee1acaae79004fcd3d72","20500981","1634939816","2021-10-22 21:56:56","0x8fb0f302c2fee0e2b8ae6f9f51231251cfb662ba","0xc2db3b633e61a6929b577df780bebb1efdc5a6b0","50","0xc2db3b633e61a6929b577df780bebb1efdc5a6b0","0x0c7af9fe80c616d22b24de11fc16469cbd8f4a08","","0","50","83.55","1.52","0","","call",""
"0x9a372766e24c1f31ffa9a16fdbbe49f68d0425ca88b4f61ffc3bcf0a2608a75d","20500987","1634939840","2021-10-22 21:57:20","0x8fb0f302c2fee0e2b8ae6f9f51231251cfb662ba","0xc2db3b633e61a6929b577df780bebb1efdc5a6b0","50","0xc2db3b633e61a6929b577df780bebb1efdc5a6b0","0x0c7af9fe80c616d22b24de11fc16469cbd8f4a08","","0","50","83.55","1.52","0","","call",""
"0xf623b294109fe9ed4c8761079d5b4feed9659640b4eb7b30bcf1c6ffea4e0e38","20532654","1635015779","2021-10-23 19:02:59","0xfad1f0c78cd6a6421dbb0fbb1e42886ca04009e4","0xc2db3b633e61a6929b577df780bebb1efdc5a6b0","50","0xc2db3b633e61a6929b577df780bebb1efdc5a6b0","0x0c7af9fe80c616d22b24de11fc16469cbd8f4a08","","0","50","83.55","1.64","0","","call",""
"0xb548fb8dda6c1510908ea7d86ce421cda5b5d706121876f7bb9047f5ef39e592","20600113","1635176552","2021-10-25 15:42:32","0xc725d3738f0285b4219f69a2500f3f8c1ed7d4f7","0xc2db3b633e61a6929b577df780bebb1efdc5a6b0","50","0xc2db3b633e61a6929b577df780bebb1efdc5a6b0","0x0c7af9fe80c616d22b24de11fc16469cbd8f4a08","","0","50","83.55","1.68","0","","call",""
"0xc16662c9b262f895007922f804a536d264ccd66bda229ac6247151af741ef8c5","20682873","1635374969","2021-10-27 22:49:29","0x5bafa29aa479a02a8d381d3df17581d7fb018de8","0xc2db3b633e61a6929b577df780bebb1efdc5a6b0","50","0xc2db3b633e61a6929b577df780bebb1efdc5a6b0","0x0c7af9fe80c616d22b24de11fc16469cbd8f4a08","","0","50","83.55","1.76","0","","call",""
"0x3b6aca060437b2660326f2d7016ce72d977b25c4f5271e3818da95cd7908b28a","20682878","1635374979","2021-10-27 22:49:39","0x5bafa29aa479a02a8d381d3df17581d7fb018de8","0xc2db3b633e61a6929b577df780bebb1efdc5a6b0","50","0xc2db3b633e61a6929b577df780bebb1efdc5a6b0","0x0c7af9fe80c616d22b24de11fc16469cbd8f4a08","","0","50","83.55","1.76","0","","call",""
"0xb5fd3c3ae912c0d28672c3dce5ac3c67c1ca22a46962176b57b4dfda61a43674","20734602","1635498565","2021-10-29 09:09:25","0x48f46281777fb384b89ecdfbca3283ba304d6207","0xc2db3b633e61a6929b577df780bebb1efdc5a6b0","50","0xc2db3b633e61a6929b577df780bebb1efdc5a6b0","0x0c7af9fe80c616d22b24de11fc16469cbd8f4a08","","0","50","83.55","2.02","0","","call",""
"0x83ff2a12ef1bb58e5daa21ea680df08d2f6ee14176111edd713bc6bc5764f778","20754966","1635543803","2021-10-29 21:43:23","0xdac1c5bc0432292f3ead39c61505c44ec9cf3d22","0xc2db3b633e61a6929b577df780bebb1efdc5a6b0","50","0xc2db3b633e61a6929b577df780bebb1efdc5a6b0","0x0c7af9fe80c616d22b24de11fc16469cbd8f4a08","","0","50","83.55","2.02","0","","call",""
"0x1ebea740b15437d5f197a15b6282a7dde5211c228f621d8a02b73de5777802b7","20828266","1635702813","2021-10-31 17:53:33","0x9e9081ea7015456521ed5ea4afde617bbf463e19","0xc2db3b633e61a6929b577df780bebb1efdc5a6b0","50","0xc2db3b633e61a6929b577df780bebb1efdc5a6b0","0x0c7af9fe80c616d22b24de11fc16469cbd8f4a08","","0","50","83.55","1.94","0","","call",""
"0xf674e3158b3b782fe962f07e418f0013d5f8f45dbea66221edfe025a1841d2b0","20828284","1635702849","2021-10-31 17:54:09","0x9e9081ea7015456521ed5ea4afde617bbf463e19","0xc2db3b633e61a6929b577df780bebb1efdc5a6b0","50","0xc2db3b633e61a6929b577df780bebb1efdc5a6b0","0x0c7af9fe80c616d22b24de11fc16469cbd8f4a08","","0","50","83.55","1.94","0","","call",""
"0x5636755da1cef5e67dbca3ddd861baf1cface1bd631e5ee97b8b459c7292db66","20828359","1635703007","2021-10-31 17:56:47","0x9e9081ea7015456521ed5ea4afde617bbf463e19","0xc2db3b633e61a6929b577df780bebb1efdc5a6b0","50","0xc2db3b633e61a6929b577df780bebb1efdc5a6b0","0x0c7af9fe80c616d22b24de11fc16469cbd8f4a08","","0","50","83.55","1.94","0","","call",""
"0xfc2e0a9b0f589d75ecb78f02f875f45180d046088ee22500ca7882cec96cdc4e","20837144","1635725498","2021-11-01 00:11:38","0x9e9081ea7015456521ed5ea4afde617bbf463e19","0xc2db3b633e61a6929b577df780bebb1efdc5a6b0","100","0xc2db3b633e61a6929b577df780bebb1efdc5a6b0","0x0c7af9fe80c616d22b24de11fc16469cbd8f4a08","","0","100","167.1","1.91","0","","call",""
"0xe85a2597f212a1c2d092796b8bb0aefa66b8f66f2f6decaf71f1a4d5c9fecb1d","20837233","1635725780","2021-11-01 00:16:20","0x9e9081ea7015456521ed5ea4afde617bbf463e19","0xc2db3b633e61a6929b577df780bebb1efdc5a6b0","50","0xc2db3b633e61a6929b577df780bebb1efdc5a6b0","0x0c7af9fe80c616d22b24de11fc16469cbd8f4a08","","0","50","83.55","1.91","0","","call",""
"0xa4973ca9099b0610847ec633a2147cc85b3c38abe420f17cb6ee5e94d85f9dcf","20908679","1635883740","2021-11-02 20:09:00","0x9e9081ea7015456521ed5ea4afde617bbf463e19","0xc2db3b633e61a6929b577df780bebb1efdc5a6b0","100","0xc2db3b633e61a6929b577df780bebb1efdc5a6b0","0x0c7af9fe80c616d22b24de11fc16469cbd8f4a08","","0","100","167.1","1.94","0","","call",""
"0xef043df42c107ff379425d850161c7b7703357e06a6fc729b22da5e6723f537e","20946296","1635971680","2021-11-03 20:34:40","0x8dadb75e709cbaa82216454a6b505078bc896487","0xc2db3b633e61a6929b577df780bebb1efdc5a6b0","50","0xc2db3b633e61a6929b577df780bebb1efdc5a6b0","0x0c7af9fe80c616d22b24de11fc16469cbd8f4a08","","0","50","83.55","2.04","0","","call",""
"0x58937381cd9c68ab084fa868e6780e44edfa1afd930c6fdc5c8dffe3c8331807","21023931","1636143120","2021-11-05 20:12:00","0xdac1c5bc0432292f3ead39c61505c44ec9cf3d22","0xc2db3b633e61a6929b577df780bebb1efdc5a6b0","50","0xc2db3b633e61a6929b577df780bebb1efdc5a6b0","0x0c7af9fe80c616d22b24de11fc16469cbd8f4a08","","0","50","83.55","1.90","0","","call",""
"0x436d9239a0cbcb69af38548e2730fd1179649bb6a254d66b9ac85ff179285a1b","21029423","1636155106","2021-11-05 23:31:46","0xdac1c5bc0432292f3ead39c61505c44ec9cf3d22","0xc2db3b633e61a6929b577df780bebb1efdc5a6b0","50","0xc2db3b633e61a6929b577df780bebb1efdc5a6b0","0x0c7af9fe80c616d22b24de11fc16469cbd8f4a08","","0","50","83.55","1.90","0","","call",""
"0xb7396a70a5392ce178347691da22874217249933da44fdd0299aab84dbc7d520","21106976","1636324780","2021-11-07 22:39:40","0xdac1c5bc0432292f3ead39c61505c44ec9cf3d22","0xc2db3b633e61a6929b577df780bebb1efdc5a6b0","50","0xc2db3b633e61a6929b577df780bebb1efdc5a6b0","0x0c7af9fe80c616d22b24de11fc16469cbd8f4a08","","0","50","83.55","1.89","0","","call",""
"0xcc4d74eda856da9ae998dd6efa4a8fe57e73962f7e12e643dc0b2e632a11e0f7","21269906","1636691245","2021-11-12 04:27:25","0x0c7af9fe80c616d22b24de11fc16469cbd8f4a08","0xc2db3b633e61a6929b577df780bebb1efdc5a6b0","50","0xc2db3b633e61a6929b577df780bebb1efdc5a6b0","0x0c7af9fe80c616d22b24de11fc16469cbd8f4a08","","0","50","83.55","1.72","0","","call",""
"0x2cae21be33506aa151e294e78b9d434f698efcc2df2f6765a874598614042cfb","21285099","1636725770","2021-11-12 14:02:50","0xdac1c5bc0432292f3ead39c61505c44ec9cf3d22","0xc2db3b633e61a6929b577df780bebb1efdc5a6b0","50","0xc2db3b633e61a6929b577df780bebb1efdc5a6b0","0x0c7af9fe80c616d22b24de11fc16469cbd8f4a08","","0","50","83.55","1.72","0","","call",""
"0x57cc7b2f67b90651601b91aaf3b4c4cd52aa5b13a7874e6df079d537e27cfdb9","21285109","1636725790","2021-11-12 14:03:10","0xdac1c5bc0432292f3ead39c61505c44ec9cf3d22","0xc2db3b633e61a6929b577df780bebb1efdc5a6b0","50","0xc2db3b633e61a6929b577df780bebb1efdc5a6b0","0x0c7af9fe80c616d22b24de11fc16469cbd8f4a08","","0","50","83.55","1.72","0","","call",""
"0xd6033214f73155a7cc1f97cb18ed4290c96178e9902c5bcbda395b408b9a3550","21447085","1637086977","2021-11-16 18:22:57","0x2fe7cb6a9d4a34e24f0b2d9665c2b8996d66ff96","0xc2db3b633e61a6929b577df780bebb1efdc5a6b0","50","0xc2db3b633e61a6929b577df780bebb1efdc5a6b0","0x0c7af9fe80c616d22b24de11fc16469cbd8f4a08","","0","50","83.55","1.56","0","","call",""
"0x1fc7a2dd5cb0cd08e0290a9afdfac0a2fde81ee8ba48202800781f82ce4bfe2f","21820262","1637926586","2021-11-26 11:36:26","0xb43408c9496135307c8b1703d49ee61344fec514","0xc2db3b633e61a6929b577df780bebb1efdc5a6b0","100","0xc2db3b633e61a6929b577df780bebb1efdc5a6b0","0x0c7af9fe80c616d22b24de11fc16469cbd8f4a08","","0","100","167.1","1.64","0","","call",""
"0x90a05277b736143329d8f07eb52e0c73d9284ba93cf42ea458b78fc4c5bd7b56","21820272","1637926606","2021-11-26 11:36:46","0xb43408c9496135307c8b1703d49ee61344fec514","0xc2db3b633e61a6929b577df780bebb1efdc5a6b0","50","0xc2db3b633e61a6929b577df780bebb1efdc5a6b0","0x0c7af9fe80c616d22b24de11fc16469cbd8f4a08","","0","50","83.55","1.64","0","","call",""
"0xc07be9380b4c47717e283af438a73d2f44e2467d31f9c59e915a2f7972c2a12d","21821855","1637930075","2021-11-26 12:34:35","0xb43408c9496135307c8b1703d49ee61344fec514","0xc2db3b633e61a6929b577df780bebb1efdc5a6b0","150","0xc2db3b633e61a6929b577df780bebb1efdc5a6b0","0x0c7af9fe80c616d22b24de11fc16469cbd8f4a08","","0","150","250.65","1.64","0","","call",""
"0x1468572e7bc0f52c2a8c1fd9e6d78ef7d3f14d44c2cb9d5baddbeafeeb8caf92","21822905","1637932366","2021-11-26 13:12:46","0xa3042eb8caeee4fad4a421ad506e1e2c82da6d84","0xc2db3b633e61a6929b577df780bebb1efdc5a6b0","50","0xc2db3b633e61a6929b577df780bebb1efdc5a6b0","0x0c7af9fe80c616d22b24de11fc16469cbd8f4a08","","0","50","83.55","1.64","0","","call",""
"0x6afaece8b6786472a1a610aeecacea878f564a1851c823f11d5987d413cced53","21823997","1637934882","2021-11-26 13:54:42","0x0aa787ab2b3decb84607bca41874b9dc2f2c3358","0xc2db3b633e61a6929b577df780bebb1efdc5a6b0","50","0xc2db3b633e61a6929b577df780bebb1efdc5a6b0","0x0c7af9fe80c616d22b24de11fc16469cbd8f4a08","","0","50","83.55","1.64","0","","call",""
"0xf5ed554d98e9b1e325a85fe6e379f69cd8f8b4d54e08482845c6080ec6f44760","21824018","1637934932","2021-11-26 13:55:32","0x0aa787ab2b3decb84607bca41874b9dc2f2c3358","0xc2db3b633e61a6929b577df780bebb1efdc5a6b0","50","0xc2db3b633e61a6929b577df780bebb1efdc5a6b0","0x0c7af9fe80c616d22b24de11fc16469cbd8f4a08","","0","50","83.55","1.64","0","","call",""
"0xc04b98aebb21156b585a76a242651bc474df580cfc7f34165452d684ddbc5829","21831571","1637953022","2021-11-26 18:57:02","0x5e9f96cec38b684bee7634244a4679ca77df4fae","0xc2db3b633e61a6929b577df780bebb1efdc5a6b0","50","0xc2db3b633e61a6929b577df780bebb1efdc5a6b0","0x0c7af9fe80c616d22b24de11fc16469cbd8f4a08","","0","50","83.55","1.64","0","","call",""
"0x746563fe65107814e49c5994305c5a706f34c47a9531223b38f34a74c31f0aa3","21831642","1637953344","2021-11-26 19:02:24","0x5e9f96cec38b684bee7634244a4679ca77df4fae","0xc2db3b633e61a6929b577df780bebb1efdc5a6b0","50","0xc2db3b633e61a6929b577df780bebb1efdc5a6b0","0x0c7af9fe80c616d22b24de11fc16469cbd8f4a08","","0","50","83.55","1.64","0","","call",""
